{"cameraMode":{"drawMode":0,"name":"Shaded","section":"Shading Mode"},"sceneLighting":false,"audioPlay":false,"sceneViewState":{"showFog":true,"showMaterialUpdate":false,"showSkybox":false,"showFlares":true,"showImageEffects":true,"showParticleSystems":true},"in2DMode":false,"pivot":{"x":71.81117248535156,"y":21.425874710083009,"z":-68.13217163085938},"rotation":{"x":0.06607982516288758,"y":0.552948534488678,"z":-0.044050317257642749,"w":0.8294284343719482},"size":1.2353160381317139,"orthographic":true}