{"cameraMode":{"drawMode":0,"name":"Shaded","section":"Shading Mode"},"sceneLighting":false,"audioPlay":false,"sceneViewState":{"showFog":true,"showMaterialUpdate":false,"showSkybox":false,"showFlares":true,"showImageEffects":true,"showParticleSystems":true},"in2DMode":false,"pivot":{"x":331.7065734863281,"y":60.501956939697269,"z":-1087.6798095703125},"rotation":{"x":-0.011998260393738747,"y":-0.014998607337474823,"z":-0.0001800799509510398,"w":0.9998214840888977},"size":141.5816192626953,"orthographic":true}