{"cameraMode":{"drawMode":0,"name":"Shaded","section":"Shading Mode"},"sceneLighting":false,"audioPlay":false,"sceneViewState":{"showFog":true,"showMaterialUpdate":false,"showSkybox":false,"showFlares":true,"showImageEffects":true,"showParticleSystems":true},"in2DMode":false,"pivot":{"x":73.4240493774414,"y":21.088809967041017,"z":-68.0999984741211},"rotation":{"x":0.32543855905532839,"y":-0.011346379294991494,"z":0.003905471181496978,"w":0.9454877972602844},"size":5.104819297790527,"orthographic":true}