{"cameraMode":{"drawMode":0,"name":"Shaded","section":"Shading Mode"},"sceneLighting":false,"audioPlay":false,"sceneViewState":{"showFog":true,"showMaterialUpdate":false,"showSkybox":false,"showFlares":true,"showImageEffects":true,"showParticleSystems":true},"in2DMode":false,"pivot":{"x":293.99993896484377,"y":112.0,"z":-258.99993896484377},"rotation":{"x":0.18235202133655549,"y":0.14396268129348756,"z":-0.02699573151767254,"w":0.9722684621810913},"size":364.2243347167969,"orthographic":true}