{"cameraMode":{"drawMode":0,"name":"Shaded","section":"Shading Mode"},"sceneLighting":false,"audioPlay":false,"sceneViewState":{"showFog":true,"showMaterialUpdate":false,"showSkybox":false,"showFlares":true,"showImageEffects":true,"showParticleSystems":true},"in2DMode":false,"pivot":{"x":50.5,"y":20.209999084472658,"z":-60.10599899291992},"rotation":{"x":0.13607394695281983,"y":0.30239972472190859,"z":-0.043662942945957187,"w":0.9424102902412415},"size":1.7320507764816285,"orthographic":true}